ZTITLE,ZFEEDURL
"Luke's ENGLISH Podcast - Learn British English with Luke Thompson",https://audioboom.com/channels/1919834.rss
"Здоровий Подкаст",https://anchor.fm/s/57db741c/podcast/rss
MINCULTPRYVIT,https://anchor.fm/s/3a1b0af0/podcast/rss
"Your Undivided Attention",https://feeds.simplecast.com/rZ0cYk12
"Huberman Lab",https://feeds.megaphone.fm/hubermanlab
"High Resolution",https://rss.simplecast.com/podcasts/2652/rss
"Radiotopia Presents: We're Doing the Wiz",http://feeds.radiotopia.fm/radiotopia-showcase
Radiolab,http://feeds.wnyc.org/radiolab
"Tell Me Something I Don't Know",http://feeds.podtrac.com/5EZzzED0uv_k
"Tape Notes",https://feeds.megaphone.fm/TNL8747838853
AdExchanger,http://adexchanger.libsyn.com/rss
"The Rest Is History",https://feeds.megaphone.fm/GLT4787413333
"Urban Space Radio",https://urbanspaceradio.com/feed/podcast
"hanging out with audiophiles",https://hangingoutwithaudiophiles.libsyn.com/rss
"Hackers Incorporated",https://feeds.transistor.fm/hackers-inc
Stratechery,http://rss.stratechery.passport.online/feed/podcast/CkFFWrmRbzAgMydJVGT7ae
"Spotify: A Product Story",https://anchor.fm/s/4f50cd4c/podcast/rss
"a16z Podcast",https://feeds.simplecast.com/JGE3yC0V
"What Should I Read Next?",https://feeds.megaphone.fm/ARML2867767043
"Build Your SaaS",https://feeds.transistor.fm/build-your-saas
"The Good, The Dad & The Ugly: The Fatherhood Podcast",http://rss.acast.com/thegoodthedadandtheugly
"Lenny's Podcast: Product | Career | Growth",https://api.substack.com/feed/podcast/10845.rss
"Я знаю, як це",https://feeds.captivate.fm/ya_znayu/
"web3 with a16z crypto",https://feeds.simplecast.com/XPOpH7r4
"Work in Progress",https://feeds.slack-podcast.com/workinprogress
"99% Invisible",http://feeds.99percentinvisible.org/99percentinvisible
"The Truth",http://feeds.thetruthpodcast.com/thetruthapm
"Song Exploder",http://songexploder.libsyn.com/rss
"The Circuit Breaker",https://feeds.captivate.fm/thecircuitbreaker/
"The Daily",http://rss.art19.com/the-daily
"Modern Ukrainian writers",http://shulga.podomatic.com/rss2.xml
"ПОТОП Подкаст",https://anchor.fm/s/dbe02f0/podcast/rss
"Tetragrammaton with Rick Rubin",https://feeds.megaphone.fm/tetragrammaton
"Finanse Bardzo Osobiste: oszczędzanie | inwestowanie | pieniądze | dobre życie",https://marciniwuc.com/feed/podcast/
"HD MEMORIES",https://media.rss.com/hd-memories-dtf-magazine/feed.xml
"Shell Game",https://api.substack.com/feed/podcast/87225.rss
"How I Built This with Guy Raz",http://www.npr.org/rss/podcast.php?id=510313
"The Tesoro AI Podcast",https://thedariusgantshow.libsyn.com/rss
"This is Product Management",http://alphaux.libsyn.com/rss
"Kult: Podcast",https://feeds.soundcloud.com/users/soundcloud:users:892372027/sounds.rss
"Freakonomics Radio",http://feeds.feedburner.com/freakonomicsradio
"Радіо Скорбота",http://feeds.soundcloud.com/users/soundcloud:users:274315969/sounds.rss
"The Knowledge Project with Shane Parrish",https://theknowledgeproject.libsyn.com/rss
"Галас",https://anchor.fm/s/7eaa494c/podcast/rss
"This is Your Life",http://feeds.feedburner.com/TIYL
"The Collective Podcast",https://feeds.soundcloud.com/users/soundcloud:users:48458062/sounds.rss
"Станція 451",https://anchor.fm/s/3c854d8c/podcast/rss
"Tiny Desk Concerts - Audio",https://www.npr.org/rss/podcast.php?id=510306
Criminal,http://feeds.feedburner.com/CriminalShow
"Буремний подкаст",https://anchor.fm/s/55d5f7f0/podcast/rss
"Кажан по-київськи: про Київ та його акупунктурні точки",https://feeds.captivate.fm/kazhan/
"Worklife with Adam Grant",https://feeds.feedburner.com/WorklifeWithAdamGrant
"Cautionary Tales with Tim Harford",https://feeds.megaphone.fm/cautionarytales
"Simplifying Complexity",https://www.omnycontent.com/d/playlist/53b6fe2a-4ef6-4356-ae92-a61500df6da0/40b3f537-c161-4823-ae44-af3a007e121b/77d27076-d9b2-4cee-bf17-af3a00802107/podcast.rss
"Björk: Sonic Symbolism",https://feeds.megaphone.fm/MC9047700718
Pivot,https://feeds.megaphone.fm/pivot
"The UBK Happy Funtime Hour",https://ubkhappyfuntimehour.libsyn.com/rss
ZigZag,http://feeds.stableg.com/zigzagpodcast
"Everything is Alive",http://feeds.everythingisalive.com/everythingisalive
"No Stupid Questions",https://feeds.simplecast.com/dfh_verV
"What Trump Can Teach Us About Con Law",http://feeds.TrumpConLaw.com/TrumpConLaw
"Музичне бубубу",https://anchor.fm/s/9a4b699c/podcast/rss
"Twenty Thousand Hertz",http://feeds.megaphone.fm/20k
"Art + Music + Technology",https://artmusictech.libsyn.com/rss
"Lex Fridman Podcast",https://lexfridman.com/feed/podcast/
REWORK,https://feeds.buzzsprout.com/2260539.rss
"Welcome to Night Vale",https://feeds.nightvalepresents.com/welcometonightvalepodcast
"Within the Wires",https://feeds.nightvalepresents.com/withinthewires
"Darknet Diaries",https://podcast.darknetdiaries.com
"Lightcone Podcast",https://anchor.fm/s/f58d3330/podcast/rss
"Moonshots with Peter Diamandis",https://feeds.megaphone.fm/DVVTS2890392624
"Making Sense with Sam Harris",https://wakingup.libsyn.com/rss
